Month,JUNCTION_RELATED,ROADWAY_RELATED,WEATHER_COND,ROAD_COND,LIGHT_COND,CRASH_SEVERITY,COLLISION_TYPE
November,INTERSECTION,SHOULDER,SNOW,ICE/FROST,DARK-NOT LIGHTED,NON-INJURY ACCIDENT (PROPERTY- DAMAGE-ONLY ACCIDENT),FIXED OBJECT
November,INTERSECTION,OUTSIDE RIGHT-OF-WAY (TRAFFICWAY),CLOUDY,DRY,DARK-NOT LIGHTED,NON-INCAPACITATING EVIDENT INJURY ACCIDENT,NOT FIXED OBJECT OR DEBRIS
December,INTERSECTION-RELATED,OUTSIDE RIGHT-OF-WAY (TRAFFICWAY),CLOUDY,ICE/FROST,DARK-NOT LIGHTED,NON-INJURY ACCIDENT (PROPERTY- DAMAGE-ONLY ACCIDENT),FIXED OBJECT
December,INTERSECTION-RELATED,ROADSIDE RIGHT,CLEAR,SNOW,DARK-NOT LIGHTED,NON-INJURY ACCIDENT (PROPERTY- DAMAGE-ONLY ACCIDENT),FIXED OBJECT
MARCH,INTERSECTION-RELATED,ON ROADWAY,SNOW,SNOW,DAYLIGHT,NON-INJURY ACCIDENT (PROPERTY- DAMAGE-ONLY ACCIDENT),REAR-END
June,INTERSECTION,ON ROADWAY,CLOUDY,DRY,DAYLIGHT,NON-INCAPACITATING EVIDENT INJURY ACCIDENT,BICYCLE
June,DRIVEWAY/ALLEY ACCESS RELATED,SHOULDER,CLEAR,DRY,DAYLIGHT,NON-INJURY ACCIDENT (PROPERTY- DAMAGE-ONLY ACCIDENT),FIXED OBJECT
MAY,INTERSECTION,ON ROADWAY,RAIN,WET,DAYLIGHT,POSSIBLE INJURY ACCIDENT,"SIDESWIPE, SAME DIRECTION"
AUGUST,NON-JUNCTION,ROADSIDE LEFT,CLOUDY,DRY,DAYLIGHT,NON-INJURY ACCIDENT (PROPERTY- DAMAGE-ONLY ACCIDENT),FIXED OBJECT
July,NON-JUNCTION,ROADSIDE LEFT,CLOUDY,DRY,DAYLIGHT,POSSIBLE INJURY ACCIDENT,OTHER
December,OTHER LOCATION,IN PARKING LANE OR ZONE,CLEAR,SNOW,DARK-NOT LIGHTED,NON-INJURY ACCIDENT (PROPERTY- DAMAGE-ONLY ACCIDENT),REAR-END
February,RAILWAY GRADE CROSSING,ON ROADWAY,CLOUDY,DRY,DAYLIGHT,NON-INJURY ACCIDENT (PROPERTY- DAMAGE-ONLY ACCIDENT),RAILWAY VEHICLE
October,NON-JUNCTION,MEDIAN,CLOUDY,DRY,DAYLIGHT,INCAPACITATING INJURY ACCIDENT,FIXED OBJECT
JULY,NON-JUNCTION,ROADSIDE RIGHT,CLEAR,DRY,DAYLIGHT,NON-INJURY ACCIDENT (PROPERTY- DAMAGE-ONLY ACCIDENT),FIXED OBJECT
September,NON-JUNCTION,SHOULDER,CLOUDY,DRY,DARK-NOT LIGHTED,INCAPACITATING INJURY ACCIDENT,ROLL OVER
July,NON-JUNCTION,ON ROADWAY,CLEAR,DRY,DARK-NOT LIGHTED,NON-INJURY ACCIDENT (PROPERTY- DAMAGE-ONLY ACCIDENT),WILD ANIMAL
June,NON-JUNCTION,ROADSIDE RIGHT,CLEAR,DRY,DAYLIGHT,NON-INJURY ACCIDENT (PROPERTY- DAMAGE-ONLY ACCIDENT),FIXED OBJECT
MAY,NON-JUNCTION,ROADSIDE RIGHT,UNKNOWN,MUD DIRT GRAVEL,UNKNOWN,UNKNOWN,FIXED OBJECT
July,NON-JUNCTION,ROADSIDE RIGHT,CLOUDY,DRY,DAYLIGHT,NON-INJURY ACCIDENT (PROPERTY- DAMAGE-ONLY ACCIDENT),FIXED OBJECT
JUNE,NON-JUNCTION,ROADSIDE LEFT,CLOUDY,DRY,DAYLIGHT,NON-INCAPACITATING EVIDENT INJURY ACCIDENT,ROLL OVER
July,NON-JUNCTION,ROADSIDE LEFT,CLEAR,DRY,DAYLIGHT,NON-INJURY ACCIDENT (PROPERTY- DAMAGE-ONLY ACCIDENT),ROLL OVER
October,NON-JUNCTION,ROADSIDE RIGHT,CLEAR,DRY,DAYLIGHT,POSSIBLE INJURY ACCIDENT,ROLL OVER
March,NON-JUNCTION,ROADSIDE LEFT,CLEAR,DRY,DAYLIGHT,NON-INCAPACITATING EVIDENT INJURY ACCIDENT,ROLL OVER
July,NON-JUNCTION,ROADSIDE RIGHT,CLEAR,DRY,DARK-NOT LIGHTED,INCAPACITATING INJURY ACCIDENT,ROLL OVER
October,NON-JUNCTION,ON ROADWAY,CLEAR,DRY,DAYLIGHT,NON-INJURY ACCIDENT (PROPERTY- DAMAGE-ONLY ACCIDENT),ROLL OVER
August,INTERSECTION-RELATED,ROADSIDE LEFT,CLEAR,DRY,DARK-NOT LIGHTED,NON-INCAPACITATING EVIDENT INJURY ACCIDENT,FIXED OBJECT
July,NON-JUNCTION,ROADSIDE LEFT,CLEAR,DRY,DAYLIGHT,NON-INJURY ACCIDENT (PROPERTY- DAMAGE-ONLY ACCIDENT),FIXED OBJECT
April,NON-JUNCTION,ROADSIDE RIGHT,CLEAR,DRY,DARK-NOT LIGHTED,NON-INJURY ACCIDENT (PROPERTY- DAMAGE-ONLY ACCIDENT),ROLL OVER
February,INTERSECTION,SHOULDER,SNOW,SNOW,DAYLIGHT,NON-INJURY ACCIDENT (PROPERTY- DAMAGE-ONLY ACCIDENT),FIXED OBJECT
April,NON-JUNCTION,ROADSIDE LEFT,CLEAR,DRY,DARK-NOT LIGHTED,NON-INJURY ACCIDENT (PROPERTY- DAMAGE-ONLY ACCIDENT),FIXED OBJECT
FEBRUARY,NON-JUNCTION,ROADSIDE LEFT,CLEAR,DRY,DARK-NOT LIGHTED,NON-INJURY ACCIDENT (PROPERTY- DAMAGE-ONLY ACCIDENT),ROLL OVER
May,INTERSECTION-RELATED,ROADSIDE RIGHT,CLEAR,DRY,DAYLIGHT,NON-INJURY ACCIDENT (PROPERTY- DAMAGE-ONLY ACCIDENT),FIXED OBJECT
April,NON-JUNCTION,SHOULDER,RAIN,WET,DARK-NOT LIGHTED,NON-INJURY ACCIDENT (PROPERTY- DAMAGE-ONLY ACCIDENT),ROLL OVER
January,NON-JUNCTION,ROADSIDE RIGHT,CLOUDY,DRY,DARK-NOT LIGHTED,NON-INJURY ACCIDENT (PROPERTY- DAMAGE-ONLY ACCIDENT),FIXED OBJECT
August,NON-JUNCTION,ROADSIDE RIGHT,CLEAR,DRY,DARK-NOT LIGHTED,NON-INJURY ACCIDENT (PROPERTY- DAMAGE-ONLY ACCIDENT),FIXED OBJECT
November,DRIVEWAY/ALLEY ACCESS RELATED,SHOULDER,CLOUDY,DRY,DAYLIGHT,NON-INJURY ACCIDENT (PROPERTY- DAMAGE-ONLY ACCIDENT),FIXED OBJECT
May,NON-JUNCTION,ROADSIDE RIGHT,CLEAR,DRY,DAYLIGHT,NON-INCAPACITATING EVIDENT INJURY ACCIDENT,ROLL OVER
May,NON-JUNCTION,ROADSIDE RIGHT,CLOUDY,WET,DARK-NOT LIGHTED,NON-INJURY ACCIDENT (PROPERTY- DAMAGE-ONLY ACCIDENT),ROLL OVER
July,NON-JUNCTION,ROADSIDE LEFT,UNKNOWN,DRY,UNKNOWN,NON-INJURY ACCIDENT (PROPERTY- DAMAGE-ONLY ACCIDENT),FIXED OBJECT
February,NON-JUNCTION,ON ROADWAY,CLEAR,SNOW,DAYLIGHT,NON-INJURY ACCIDENT (PROPERTY- DAMAGE-ONLY ACCIDENT),FIXED OBJECT
October,NON-JUNCTION,ROADSIDE RIGHT,CLEAR,DRY,DARK-NOT LIGHTED,NON-INJURY ACCIDENT (PROPERTY- DAMAGE-ONLY ACCIDENT),ROLL OVER
May,NON-JUNCTION,ROADSIDE RIGHT,CLEAR,DRY,DARK-NOT LIGHTED,NON-INCAPACITATING EVIDENT INJURY ACCIDENT,FIXED OBJECT
November,NON-JUNCTION,ROADSIDE RIGHT,CLEAR,DRY,DARK-NOT LIGHTED,NON-INJURY ACCIDENT (PROPERTY- DAMAGE-ONLY ACCIDENT),FIXED OBJECT
February,NON-JUNCTION,SHOULDER,CLOUDY,DRY,DAYLIGHT,NON-INJURY ACCIDENT (PROPERTY- DAMAGE-ONLY ACCIDENT),ROLL OVER
July,NON-JUNCTION,ROADSIDE RIGHT,CLOUDY,DRY,DAYLIGHT,NON-INJURY ACCIDENT (PROPERTY- DAMAGE-ONLY ACCIDENT),FIXED OBJECT
MAY,NON-JUNCTION,ROADSIDE RIGHT,RAIN,WET,DAYLIGHT,NON-INJURY ACCIDENT (PROPERTY- DAMAGE-ONLY ACCIDENT),ROLL OVER
SEPTEMBER,NON-JUNCTION,ROADSIDE RIGHT,CLEAR,DRY,DARK-NOT LIGHTED,NON-INJURY ACCIDENT (PROPERTY- DAMAGE-ONLY ACCIDENT),FIXED OBJECT
February,NON-JUNCTION,OUTSIDE RIGHT-OF-WAY (TRAFFICWAY),CLEAR,DRY,DARK-NOT LIGHTED,NON-INJURY ACCIDENT (PROPERTY- DAMAGE-ONLY ACCIDENT),FIXED OBJECT
January,NON-JUNCTION,ROADSIDE RIGHT,CLEAR,DRY,DARK-NOT LIGHTED,INCAPACITATING INJURY ACCIDENT,FIXED OBJECT
JUNE,NON-JUNCTION,ROADSIDE LEFT,CLOUDY,DRY,DAYLIGHT,NON-INCAPACITATING EVIDENT INJURY ACCIDENT,FIXED OBJECT
April,NON-JUNCTION,ROADSIDE RIGHT,RAIN,WET,DARK-NOT LIGHTED,NON-INJURY ACCIDENT (PROPERTY- DAMAGE-ONLY ACCIDENT),FIXED OBJECT
April,NON-JUNCTION,ROADSIDE RIGHT,RAIN,WET,DARK-NOT LIGHTED,NON-INJURY ACCIDENT (PROPERTY- DAMAGE-ONLY ACCIDENT),FIXED OBJECT
November,NON-JUNCTION,ROADSIDE LEFT,CLOUDY,DRY,DAYLIGHT,NON-INJURY ACCIDENT (PROPERTY- DAMAGE-ONLY ACCIDENT),ROLL OVER
June,NON-JUNCTION,ROADSIDE RIGHT,RAIN,WET,DARK-NOT LIGHTED,NON-INCAPACITATING EVIDENT INJURY ACCIDENT,FIXED OBJECT
April,NON-JUNCTION,ROADSIDE RIGHT,CLOUDY,DRY,DAYLIGHT,NON-INJURY ACCIDENT (PROPERTY- DAMAGE-ONLY ACCIDENT),FIXED OBJECT
June,NON-JUNCTION,ON ROADWAY,CLEAR,DRY,DAWN,NON-INJURY ACCIDENT (PROPERTY- DAMAGE-ONLY ACCIDENT),WILD ANIMAL
September,NON-JUNCTION,ROADSIDE RIGHT,CLEAR,DRY,DARK-NOT LIGHTED,NON-INCAPACITATING EVIDENT INJURY ACCIDENT,ROLL OVER
October,DRIVEWAY/ALLEY ACCESS RELATED,OFF ROADWAY LOCATION UNKNOWN,CLOUDY,DRY,DAYLIGHT,NON-INJURY ACCIDENT (PROPERTY- DAMAGE-ONLY ACCIDENT),FIXED OBJECT
April,NON-JUNCTION,ROADSIDE RIGHT,CLOUDY,DRY,DAYLIGHT,NON-INJURY ACCIDENT (PROPERTY- DAMAGE-ONLY ACCIDENT),FIXED OBJECT
June,NON-JUNCTION,ROADSIDE LEFT,CLOUDY,DRY,DARK-NOT LIGHTED,NON-INCAPACITATING EVIDENT INJURY ACCIDENT,ROLL OVER
APRIL,NON-JUNCTION,ROADSIDE LEFT,CLOUDY,DRY,DAYLIGHT,NON-INCAPACITATING EVIDENT INJURY ACCIDENT,ROLL OVER
September,NON-JUNCTION,ROADSIDE LEFT,CLEAR,DRY,DARK-NOT LIGHTED,NON-INJURY ACCIDENT (PROPERTY- DAMAGE-ONLY ACCIDENT),FIXED OBJECT
April,NON-JUNCTION,OFF ROADWAY LOCATION UNKNOWN,"FOG, SMOG, SMOKE",WET,DAWN,NON-INJURY ACCIDENT (PROPERTY- DAMAGE-ONLY ACCIDENT),FIXED OBJECT
November,NON-JUNCTION,ROADSIDE LEFT,CLEAR,DRY,DARK-NOT LIGHTED,NON-INJURY ACCIDENT (PROPERTY- DAMAGE-ONLY ACCIDENT),FIXED OBJECT
December,NON-JUNCTION,ROADSIDE LEFT,CLOUDY,SNOW,DARK-NOT LIGHTED,NON-INJURY ACCIDENT (PROPERTY- DAMAGE-ONLY ACCIDENT),FIXED OBJECT
DECEMBER,NON-JUNCTION,ROADSIDE RIGHT,CLEAR,ICE/FROST,DARK-NOT LIGHTED,NON-INJURY ACCIDENT (PROPERTY- DAMAGE-ONLY ACCIDENT),ROLL OVER
May,NON-JUNCTION,ROADSIDE RIGHT,CLOUDY,DRY,DAYLIGHT,NON-INJURY ACCIDENT (PROPERTY- DAMAGE-ONLY ACCIDENT),ROLL OVER
October,NON-JUNCTION,ON ROADWAY,CLOUDY,DRY,DAYLIGHT,NON-INJURY ACCIDENT (PROPERTY- DAMAGE-ONLY ACCIDENT),FIXED OBJECT
JUNE,NON-JUNCTION,ROADSIDE RIGHT,CLEAR,DRY,DARK-NOT LIGHTED,NON-INJURY ACCIDENT (PROPERTY- DAMAGE-ONLY ACCIDENT),ROLL OVER
MARCH,NON-JUNCTION,ROADSIDE LEFT,CLOUDY,DRY,DARK-NOT LIGHTED,NON-INCAPACITATING EVIDENT INJURY ACCIDENT,ROLL OVER
APRIL,NON-JUNCTION,ROADSIDE LEFT,CLOUDY,DRY,DAYLIGHT,NON-INJURY ACCIDENT (PROPERTY- DAMAGE-ONLY ACCIDENT),FIXED OBJECT
October,NON-JUNCTION,ON ROADWAY,CLEAR,DRY,DARK-NOT LIGHTED,POSSIBLE INJURY ACCIDENT,REAR-END
December,NON-JUNCTION,ON ROADWAY,CLEAR,ICE/FROST,DARK-NOT LIGHTED,NON-INJURY ACCIDENT (PROPERTY- DAMAGE-ONLY ACCIDENT),ROLL OVER
JULY,NON-JUNCTION,ROADSIDE LEFT,CLOUDY,DRY,DARK-LIGHTED,NON-INCAPACITATING EVIDENT INJURY ACCIDENT,ROLL OVER
October,NON-JUNCTION,SHOULDER,CLEAR,DRY,DARK-NOT LIGHTED,NON-INCAPACITATING EVIDENT INJURY ACCIDENT,ROLL OVER
November,NON-JUNCTION,ROADSIDE RIGHT,CLEAR,SNOW,DAWN,NON-INCAPACITATING EVIDENT INJURY ACCIDENT,FIXED OBJECT
January,NON-JUNCTION,ON ROADWAY,CLOUDY,DRY,DARK-NOT LIGHTED,NON-INJURY ACCIDENT (PROPERTY- DAMAGE-ONLY ACCIDENT),DOMESTIC ANIMAL
June,NON-JUNCTION,ON ROADWAY,CLEAR,DRY,DAYLIGHT,NON-INJURY ACCIDENT (PROPERTY- DAMAGE-ONLY ACCIDENT),"SIDESWIPE, OPPOSITE DIRECTION"
April,NON-JUNCTION,ROADSIDE RIGHT,CLOUDY,DRY,DAYLIGHT,UNKNOWN,ROLL OVER
September,NON-JUNCTION,SHOULDER,CLEAR,DRY,DAYLIGHT,NON-INCAPACITATING EVIDENT INJURY ACCIDENT,ROLL OVER
June,NON-JUNCTION,ON ROADWAY,CLEAR,DRY,DAYLIGHT,NON-INJURY ACCIDENT (PROPERTY- DAMAGE-ONLY ACCIDENT),"SIDESWIPE, OPPOSITE DIRECTION"
December,NON-JUNCTION,ROADSIDE LEFT,CLEAR,ICE/FROST,DAYLIGHT,NON-INJURY ACCIDENT (PROPERTY- DAMAGE-ONLY ACCIDENT),FIXED OBJECT
February,NON-JUNCTION,ROADSIDE LEFT,CLEAR,DRY,DARK-NOT LIGHTED,NON-INJURY ACCIDENT (PROPERTY- DAMAGE-ONLY ACCIDENT),FIXED OBJECT
October,NON-JUNCTION,ROADSIDE LEFT,CLOUDY,DRY,DAYLIGHT,POSSIBLE INJURY ACCIDENT,ROLL OVER
December,NON-JUNCTION,ROADSIDE RIGHT,CLOUDY,SNOW,DARK-NOT LIGHTED,NON-INJURY ACCIDENT (PROPERTY- DAMAGE-ONLY ACCIDENT),FIXED OBJECT
May,NON-JUNCTION,ROADSIDE LEFT,CLEAR,DRY,DARK-NOT LIGHTED,NON-INCAPACITATING EVIDENT INJURY ACCIDENT,ROLL OVER
AUGUST,NON-JUNCTION,ROADSIDE RIGHT,CLEAR,DRY,DAYLIGHT,NON-INCAPACITATING EVIDENT INJURY ACCIDENT,FIXED OBJECT
August,NON-JUNCTION,ROADSIDE RIGHT,CLEAR,DRY,DAYLIGHT,NON-INJURY ACCIDENT (PROPERTY- DAMAGE-ONLY ACCIDENT),FIXED OBJECT
October,NON-JUNCTION,ROADSIDE RIGHT,CLEAR,DRY,DARK-NOT LIGHTED,NON-INJURY ACCIDENT (PROPERTY- DAMAGE-ONLY ACCIDENT),U TURN
JUNE,NON-JUNCTION,OFF ROADWAY LOCATION UNKNOWN,CLOUDY,DRY,DAYLIGHT,NON-INJURY ACCIDENT (PROPERTY- DAMAGE-ONLY ACCIDENT),FIXED OBJECT
December,NON-JUNCTION,ROADSIDE LEFT,CLOUDY,SNOW,DARK-NOT LIGHTED,NON-INCAPACITATING EVIDENT INJURY ACCIDENT,ROLL OVER
October,NON-JUNCTION,SHOULDER,CLOUDY,DRY,DARK-NOT LIGHTED,NON-INJURY ACCIDENT (PROPERTY- DAMAGE-ONLY ACCIDENT),ROLL OVER
July,NON-JUNCTION,ROADSIDE LEFT,CLEAR,DRY,DAYLIGHT,NON-INJURY ACCIDENT (PROPERTY- DAMAGE-ONLY ACCIDENT),FIXED OBJECT
July,NON-JUNCTION,IN PARKING LANE OR ZONE,CLOUDY,DRY,DAYLIGHT,NON-INCAPACITATING EVIDENT INJURY ACCIDENT,ROLL OVER
December,NON-JUNCTION,ROADSIDE RIGHT,CLEAR,ICE/FROST,DARK-NOT LIGHTED,NON-INJURY ACCIDENT (PROPERTY- DAMAGE-ONLY ACCIDENT),FIXED OBJECT
December,NON-JUNCTION,ROADSIDE RIGHT,CLOUDY,SNOW,DAYLIGHT,NON-INJURY ACCIDENT (PROPERTY- DAMAGE-ONLY ACCIDENT),FIXED OBJECT
September,NON-JUNCTION,ON ROADWAY,RAIN,WET,DARK-NOT LIGHTED,NON-INJURY ACCIDENT (PROPERTY- DAMAGE-ONLY ACCIDENT),WILD ANIMAL
February,NON-JUNCTION,ROADSIDE RIGHT,CLEAR,SNOW,DAYLIGHT,NON-INJURY ACCIDENT (PROPERTY- DAMAGE-ONLY ACCIDENT),FIXED OBJECT
March,NON-JUNCTION,ROADSIDE LEFT,CLOUDY,WET,DAYLIGHT,NON-INCAPACITATING EVIDENT INJURY ACCIDENT,FIXED OBJECT
January,NON-JUNCTION,ROADSIDE LEFT,CLEAR,ICE/FROST,DARK-NOT LIGHTED,NON-INJURY ACCIDENT (PROPERTY- DAMAGE-ONLY ACCIDENT),FIXED OBJECT
January,INTERSECTION,ROADSIDE RIGHT,CLEAR,SNOW,DAYLIGHT,POSSIBLE INJURY ACCIDENT,FIXED OBJECT
May,NON-JUNCTION,ROADSIDE LEFT,CLEAR,DRY,DAYLIGHT,NON-INJURY ACCIDENT (PROPERTY- DAMAGE-ONLY ACCIDENT),FIXED OBJECT
December,NON-JUNCTION,ON ROADWAY,CLOUDY,ICE/FROST,DAYLIGHT,NON-INJURY ACCIDENT (PROPERTY- DAMAGE-ONLY ACCIDENT),RIGHT ANGLE
May,NON-JUNCTION,ROADSIDE RIGHT,CLOUDY,DRY,DAYLIGHT,NON-INJURY ACCIDENT (PROPERTY- DAMAGE-ONLY ACCIDENT),FIXED OBJECT
October,NON-JUNCTION,ROADSIDE RIGHT,RAIN,WET,DARK-NOT LIGHTED,NON-INJURY ACCIDENT (PROPERTY- DAMAGE-ONLY ACCIDENT),FIXED OBJECT
MARCH,NON-JUNCTION,ROADSIDE LEFT,CLOUDY,DRY,DAYLIGHT,NON-INJURY ACCIDENT (PROPERTY- DAMAGE-ONLY ACCIDENT),FIXED OBJECT
November,NON-JUNCTION,ROADSIDE LEFT,CLEAR,DRY,DARK-NOT LIGHTED,NON-INJURY ACCIDENT (PROPERTY- DAMAGE-ONLY ACCIDENT),ROLL OVER
November,NON-JUNCTION,SHOULDER,CLEAR,SNOW,DARK-NOT LIGHTED,NON-INCAPACITATING EVIDENT INJURY ACCIDENT,ROLL OVER
May,NON-JUNCTION,SHOULDER,CLEAR,DRY,DAYLIGHT,NON-INJURY ACCIDENT (PROPERTY- DAMAGE-ONLY ACCIDENT),FIXED OBJECT
December,NON-JUNCTION,ROADSIDE LEFT,CLEAR,DRY,DARK-NOT LIGHTED,NON-INJURY ACCIDENT (PROPERTY- DAMAGE-ONLY ACCIDENT),FIXED OBJECT
OCTOBER,NON-JUNCTION,ROADSIDE LEFT,"FOG, SMOG, SMOKE",WET,DARK-NOT LIGHTED,NON-INCAPACITATING EVIDENT INJURY ACCIDENT,ROLL OVER
November,NON-JUNCTION,ON ROADWAY,CLEAR,DRY,DARK-NOT LIGHTED,NON-INJURY ACCIDENT (PROPERTY- DAMAGE-ONLY ACCIDENT),ROLL OVER
August,NON-JUNCTION,ROADSIDE LEFT,CLOUDY,DRY,DAYLIGHT,NON-INJURY ACCIDENT (PROPERTY- DAMAGE-ONLY ACCIDENT),FIXED OBJECT
JANUARY,NON-JUNCTION,ROADSIDE RIGHT,CLOUDY,DRY,DAYLIGHT,NON-INJURY ACCIDENT (PROPERTY- DAMAGE-ONLY ACCIDENT),ROLL OVER
May,NON-JUNCTION,ROADSIDE LEFT,CLOUDY,DRY,DARK-NOT LIGHTED,UNKNOWN,FIXED OBJECT
December,INTERSECTION,ROADSIDE RIGHT,CLEAR,ICE/FROST,DARK-NOT LIGHTED,NON-INJURY ACCIDENT (PROPERTY- DAMAGE-ONLY ACCIDENT),FIXED OBJECT
NOVEMBER,INTERSECTION,ROADSIDE RIGHT,CLEAR,ICE/FROST,DAYLIGHT,NON-INJURY ACCIDENT (PROPERTY- DAMAGE-ONLY ACCIDENT),FIXED OBJECT
August,NON-JUNCTION,ON ROADWAY,CLEAR,MUD DIRT GRAVEL,DARK-NOT LIGHTED,NON-INJURY ACCIDENT (PROPERTY- DAMAGE-ONLY ACCIDENT),FIXED OBJECT
July,NON-JUNCTION,SHOULDER,CLEAR,DRY,DAYLIGHT,NON-INCAPACITATING EVIDENT INJURY ACCIDENT,FIXED OBJECT
December,NON-JUNCTION,ROADSIDE RIGHT,CLOUDY,SNOW,DAYLIGHT,NON-INJURY ACCIDENT (PROPERTY- DAMAGE-ONLY ACCIDENT),ROLL OVER
JANUARY,NON-JUNCTION,ROADSIDE RIGHT,SNOW,SNOW,DUSK,NON-INJURY ACCIDENT (PROPERTY- DAMAGE-ONLY ACCIDENT),FIXED OBJECT
JULY,NON-JUNCTION,ROADSIDE LEFT,CLOUDY,DRY,DARK-NOT LIGHTED,NON-INJURY ACCIDENT (PROPERTY- DAMAGE-ONLY ACCIDENT),ROLL OVER
JANUARY,NON-JUNCTION,ROADSIDE RIGHT,CLOUDY,SNOW,DAYLIGHT,NON-INJURY ACCIDENT (PROPERTY- DAMAGE-ONLY ACCIDENT),JACKKNIFE
November,NON-JUNCTION,ROADSIDE LEFT,SNOW,SNOW,DAYLIGHT,NON-INJURY ACCIDENT (PROPERTY- DAMAGE-ONLY ACCIDENT),ROLL OVER
MARCH,NON-JUNCTION,ROADSIDE LEFT,CLOUDY,DRY,DAYLIGHT,NON-INJURY ACCIDENT (PROPERTY- DAMAGE-ONLY ACCIDENT),ROLL OVER
October,INTERSECTION-RELATED,OUTSIDE RIGHT-OF-WAY (TRAFFICWAY),CLEAR,DRY,DARK-NOT LIGHTED,UNKNOWN,FIXED OBJECT
August,NON-JUNCTION,ON ROADWAY,CLEAR,MUD DIRT GRAVEL,DAYLIGHT,FATAL ACCIDENT,DOMESTIC ANIMAL
July,DRIVEWAY/ALLEY ACCESS RELATED,SHOULDER,CLEAR,DRY,DAYLIGHT,NON-INJURY ACCIDENT (PROPERTY- DAMAGE-ONLY ACCIDENT),FIXED OBJECT
November,INTERSECTION,ON ROADWAY,CLEAR,DRY,DAYLIGHT,NON-INCAPACITATING EVIDENT INJURY ACCIDENT,BICYCLE
November,NON-JUNCTION,ROADSIDE RIGHT,CLOUDY,DRY,DAYLIGHT,NON-INJURY ACCIDENT (PROPERTY- DAMAGE-ONLY ACCIDENT),FIXED OBJECT
March,DRIVEWAY/ALLEY ACCESS RELATED,ON ROADWAY,CLOUDY,SNOW,DAYLIGHT,NON-INJURY ACCIDENT (PROPERTY- DAMAGE-ONLY ACCIDENT),RIGHT ANGLE